"NFT ID","Issuer","Taxon","Serial","Name","URI","CID","Owner","Description","Image","Image CID","Video","Video CID","Artist","Media_type","Language_code","Video_duration","Attribute DeGeNFT","Attribute Year","Attribute Affiliation","Attribute Venue","Attribute Address"
"0008C35053F8BBBE64EDB10F9DBE5D5E442510FE80C61DA756A234A404D7010A","r3CrhDk9y9HR5uBkogRHu8hS1B4Q7dv3q8","1","81199370","DeGeNFT 2023 Participation Token #165","https://arweave.net/tOQwH33Do2SvBHmbAdvaO1ci4TNioDFMThpMzkMyhy4/200.json","","rhPPUuYTZemv5kjrLGySqQJfGv1k3C4rTA","DeGeNFT 2023 #BYOBlockchain - Proof of participation NFT","https://arweave.net/Gr7VKnrxB0ts0-OEqvMzMdC79L1Fe4feqqArDCkKaYw/1.png","","https://arweave.net/Gr7VKnrxB0ts0-OEqvMzMdC79L1Fe4feqqArDCkKaYw/2.mp4","","Wartortle","video","en-us","10 seconds","I","2023","Participant","CORplace Studio","113 W Santa Fe Ave, Fullerton, CA 92832"
"0008C35053F8BBBE64EDB10F9DBE5D5E442510FE80C61DA73FBC63A504D70109","r3CrhDk9y9HR5uBkogRHu8hS1B4Q7dv3q8","1","81199369","DeGeNFT 2023 Participation Token #122","https://arweave.net/tOQwH33Do2SvBHmbAdvaO1ci4TNioDFMThpMzkMyhy4/157.json","","rLfgoMintj3KBcs4s2XKtquvDwEte2kYfJ","DeGeNFT 2023 #BYOBlockchain - Proof of participation NFT","https://arweave.net/Gr7VKnrxB0ts0-OEqvMzMdC79L1Fe4feqqArDCkKaYw/1.png","","https://arweave.net/Gr7VKnrxB0ts0-OEqvMzMdC79L1Fe4feqqArDCkKaYw/2.mp4","","Wartortle","video","en-us","10 seconds","I","2023","Participant","CORplace Studio","113 W Santa Fe Ave, Fullerton, CA 92832"
"0008C35053F8BBBE64EDB10F9DBE5D5E442510FE80C61DA728D692A204D70108","r3CrhDk9y9HR5uBkogRHu8hS1B4Q7dv3q8","1","81199368","DeGeNFT 2023 Participation Token #43","https://arweave.net/tOQwH33Do2SvBHmbAdvaO1ci4TNioDFMThpMzkMyhy4/78.json","","rLfgoMintj3KBcs4s2XKtquvDwEte2kYfJ","DeGeNFT 2023 #BYOBlockchain - Proof of participation NFT","https://arweave.net/Gr7VKnrxB0ts0-OEqvMzMdC79L1Fe4feqqArDCkKaYw/1.png","","https://arweave.net/Gr7VKnrxB0ts0-OEqvMzMdC79L1Fe4feqqArDCkKaYw/2.mp4","","Wartortle","video","en-us","10 seconds","I","2023","Participant","CORplace Studio","113 W Santa Fe Ave, Fullerton, CA 92832"
"0008C35053F8BBBE64EDB10F9DBE5D5E442510FE80C61DA711F0C1A304D70107","r3CrhDk9y9HR5uBkogRHu8hS1B4Q7dv3q8","1","81199367","DeGeNFT 2023 Participation Token #3","https://arweave.net/tOQwH33Do2SvBHmbAdvaO1ci4TNioDFMThpMzkMyhy4/38.json","","rLfgoMintj3KBcs4s2XKtquvDwEte2kYfJ","DeGeNFT 2023 #BYOBlockchain - Proof of participation NFT","https://arweave.net/Gr7VKnrxB0ts0-OEqvMzMdC79L1Fe4feqqArDCkKaYw/1.png","","https://arweave.net/Gr7VKnrxB0ts0-OEqvMzMdC79L1Fe4feqqArDCkKaYw/2.mp4","","Wartortle","video","en-us","10 seconds","I","2023","Participant","CORplace Studio","113 W Santa Fe Ave, Fullerton, CA 92832"
"0008C35053F8BBBE64EDB10F9DBE5D5E442510FE80C61DA7FB0AF0A004D70106","r3CrhDk9y9HR5uBkogRHu8hS1B4Q7dv3q8","1","81199366","DeGeNFT 2023 Participation Token #153","https://arweave.net/tOQwH33Do2SvBHmbAdvaO1ci4TNioDFMThpMzkMyhy4/188.json","","rfx2mVhTZzc6bLXKeYyFKtpha2LHrkNZFT","DeGeNFT 2023 #BYOBlockchain - Proof of participation NFT","https://arweave.net/Gr7VKnrxB0ts0-OEqvMzMdC79L1Fe4feqqArDCkKaYw/1.png","","https://arweave.net/Gr7VKnrxB0ts0-OEqvMzMdC79L1Fe4feqqArDCkKaYw/2.mp4","","Wartortle","video","en-us","10 seconds","I","2023","Participant","CORplace Studio","113 W Santa Fe Ave, Fullerton, CA 92832"
"0008C35053F8BBBE64EDB10F9DBE5D5E442510FE80C61DA7E4251FA104D70105","r3CrhDk9y9HR5uBkogRHu8hS1B4Q7dv3q8","1","81199365","DeGeNFT 2023 Participation Token #152","https://arweave.net/tOQwH33Do2SvBHmbAdvaO1ci4TNioDFMThpMzkMyhy4/187.json","","rfx2mVhTZzc6bLXKeYyFKtpha2LHrkNZFT","DeGeNFT 2023 #BYOBlockchain - Proof of participation NFT","https://arweave.net/Gr7VKnrxB0ts0-OEqvMzMdC79L1Fe4feqqArDCkKaYw/1.png","","https://arweave.net/Gr7VKnrxB0ts0-OEqvMzMdC79L1Fe4feqqArDCkKaYw/2.mp4","","Wartortle","video","en-us","10 seconds","I","2023","Participant","CORplace Studio","113 W Santa Fe Ave, Fullerton, CA 92832"
"0008C35053F8BBBE64EDB10F9DBE5D5E442510FE80C61DA7CD3F4E9E04D70104","r3CrhDk9y9HR5uBkogRHu8hS1B4Q7dv3q8","1","81199364","DeGeNFT 2023 Participation Token #151","https://arweave.net/tOQwH33Do2SvBHmbAdvaO1ci4TNioDFMThpMzkMyhy4/186.json","","rfx2mVhTZzc6bLXKeYyFKtpha2LHrkNZFT","DeGeNFT 2023 #BYOBlockchain - Proof of participation NFT","https://arweave.net/Gr7VKnrxB0ts0-OEqvMzMdC79L1Fe4feqqArDCkKaYw/1.png","","https://arweave.net/Gr7VKnrxB0ts0-OEqvMzMdC79L1Fe4feqqArDCkKaYw/2.mp4","","Wartortle","video","en-us","10 seconds","I","2023","Participant","CORplace Studio","113 W Santa Fe Ave, Fullerton, CA 92832"
"0008C35053F8BBBE64EDB10F9DBE5D5E442510FE80C61DA7B6597D9F04D70103","r3CrhDk9y9HR5uBkogRHu8hS1B4Q7dv3q8","1","81199363","DeGeNFT 2023 Participation Token #148","https://arweave.net/tOQwH33Do2SvBHmbAdvaO1ci4TNioDFMThpMzkMyhy4/183.json","","rfx2mVhTZzc6bLXKeYyFKtpha2LHrkNZFT","DeGeNFT 2023 #BYOBlockchain - Proof of participation NFT","https://arweave.net/Gr7VKnrxB0ts0-OEqvMzMdC79L1Fe4feqqArDCkKaYw/1.png","","https://arweave.net/Gr7VKnrxB0ts0-OEqvMzMdC79L1Fe4feqqArDCkKaYw/2.mp4","","Wartortle","video","en-us","10 seconds","I","2023","Participant","CORplace Studio","113 W Santa Fe Ave, Fullerton, CA 92832"
"0008C35053F8BBBE64EDB10F9DBE5D5E442510FE80C61DA79F73AC9C04D70102","r3CrhDk9y9HR5uBkogRHu8hS1B4Q7dv3q8","1","81199362","DeGeNFT 2023 Participation Token #134","https://arweave.net/tOQwH33Do2SvBHmbAdvaO1ci4TNioDFMThpMzkMyhy4/169.json","","rfx2mVhTZzc6bLXKeYyFKtpha2LHrkNZFT","DeGeNFT 2023 #BYOBlockchain - Proof of participation NFT","https://arweave.net/Gr7VKnrxB0ts0-OEqvMzMdC79L1Fe4feqqArDCkKaYw/1.png","","https://arweave.net/Gr7VKnrxB0ts0-OEqvMzMdC79L1Fe4feqqArDCkKaYw/2.mp4","","Wartortle","video","en-us","10 seconds","I","2023","Participant","CORplace Studio","113 W Santa Fe Ave, Fullerton, CA 92832"
"0008C35053F8BBBE64EDB10F9DBE5D5E442510FE80C61DA7888DDB9D04D70101","r3CrhDk9y9HR5uBkogRHu8hS1B4Q7dv3q8","1","81199361","DeGeNFT 2023 Participation Token #131","https://arweave.net/tOQwH33Do2SvBHmbAdvaO1ci4TNioDFMThpMzkMyhy4/166.json","","rfx2mVhTZzc6bLXKeYyFKtpha2LHrkNZFT","DeGeNFT 2023 #BYOBlockchain - Proof of participation NFT","https://arweave.net/Gr7VKnrxB0ts0-OEqvMzMdC79L1Fe4feqqArDCkKaYw/1.png","","https://arweave.net/Gr7VKnrxB0ts0-OEqvMzMdC79L1Fe4feqqArDCkKaYw/2.mp4","","Wartortle","video","en-us","10 seconds","I","2023","Participant","CORplace Studio","113 W Santa Fe Ave, Fullerton, CA 92832"
"0008C35053F8BBBE64EDB10F9DBE5D5E442510FE80C61DA771A80A9A04D70100","r3CrhDk9y9HR5uBkogRHu8hS1B4Q7dv3q8","1","81199360","DeGeNFT 2023 Participation Token #110","https://arweave.net/tOQwH33Do2SvBHmbAdvaO1ci4TNioDFMThpMzkMyhy4/145.json","","rfx2mVhTZzc6bLXKeYyFKtpha2LHrkNZFT","DeGeNFT 2023 #BYOBlockchain - Proof of participation NFT","https://arweave.net/Gr7VKnrxB0ts0-OEqvMzMdC79L1Fe4feqqArDCkKaYw/1.png","","https://arweave.net/Gr7VKnrxB0ts0-OEqvMzMdC79L1Fe4feqqArDCkKaYw/2.mp4","","Wartortle","video","en-us","10 seconds","I","2023","Participant","CORplace Studio","113 W Santa Fe Ave, Fullerton, CA 92832"
"0008C35053F8BBBE64EDB10F9DBE5D5E442510FE80C61DA75AC2399B04D700FF","r3CrhDk9y9HR5uBkogRHu8hS1B4Q7dv3q8","1","81199359","DeGeNFT 2023 Participation Token #97","https://arweave.net/tOQwH33Do2SvBHmbAdvaO1ci4TNioDFMThpMzkMyhy4/132.json","","rfx2mVhTZzc6bLXKeYyFKtpha2LHrkNZFT","DeGeNFT 2023 #BYOBlockchain - Proof of participation NFT","https://arweave.net/Gr7VKnrxB0ts0-OEqvMzMdC79L1Fe4feqqArDCkKaYw/1.png","","https://arweave.net/Gr7VKnrxB0ts0-OEqvMzMdC79L1Fe4feqqArDCkKaYw/2.mp4","","Wartortle","video","en-us","10 seconds","I","2023","Participant","CORplace Studio","113 W Santa Fe Ave, Fullerton, CA 92832"
"0008C35053F8BBBE64EDB10F9DBE5D5E442510FE80C61DA743DC689804D700FE","r3CrhDk9y9HR5uBkogRHu8hS1B4Q7dv3q8","1","81199358","DeGeNFT 2023 Participation Token #82","https://arweave.net/tOQwH33Do2SvBHmbAdvaO1ci4TNioDFMThpMzkMyhy4/117.json","","rfx2mVhTZzc6bLXKeYyFKtpha2LHrkNZFT","DeGeNFT 2023 #BYOBlockchain - Proof of participation NFT","https://arweave.net/Gr7VKnrxB0ts0-OEqvMzMdC79L1Fe4feqqArDCkKaYw/1.png","","https://arweave.net/Gr7VKnrxB0ts0-OEqvMzMdC79L1Fe4feqqArDCkKaYw/2.mp4","","Wartortle","video","en-us","10 seconds","I","2023","Participant","CORplace Studio","113 W Santa Fe Ave, Fullerton, CA 92832"
"0008C35053F8BBBE64EDB10F9DBE5D5E442510FE80C61DA72CF6979904D700FD","r3CrhDk9y9HR5uBkogRHu8hS1B4Q7dv3q8","1","81199357","DeGeNFT 2023 Participation Token #65","https://arweave.net/tOQwH33Do2SvBHmbAdvaO1ci4TNioDFMThpMzkMyhy4/100.json","","rfx2mVhTZzc6bLXKeYyFKtpha2LHrkNZFT","DeGeNFT 2023 #BYOBlockchain - Proof of participation NFT","https://arweave.net/Gr7VKnrxB0ts0-OEqvMzMdC79L1Fe4feqqArDCkKaYw/1.png","","https://arweave.net/Gr7VKnrxB0ts0-OEqvMzMdC79L1Fe4feqqArDCkKaYw/2.mp4","","Wartortle","video","en-us","10 seconds","I","2023","Participant","CORplace Studio","113 W Santa Fe Ave, Fullerton, CA 92832"
"0008C35053F8BBBE64EDB10F9DBE5D5E442510FE80C61DA71610C69604D700FC","r3CrhDk9y9HR5uBkogRHu8hS1B4Q7dv3q8","1","81199356","DeGeNFT 2023 Participation Token #61","https://arweave.net/tOQwH33Do2SvBHmbAdvaO1ci4TNioDFMThpMzkMyhy4/96.json","","rfx2mVhTZzc6bLXKeYyFKtpha2LHrkNZFT","DeGeNFT 2023 #BYOBlockchain - Proof of participation NFT","https://arweave.net/Gr7VKnrxB0ts0-OEqvMzMdC79L1Fe4feqqArDCkKaYw/1.png","","https://arweave.net/Gr7VKnrxB0ts0-OEqvMzMdC79L1Fe4feqqArDCkKaYw/2.mp4","","Wartortle","video","en-us","10 seconds","I","2023","Participant","CORplace Studio","113 W Santa Fe Ave, Fullerton, CA 92832"
"0008C35053F8BBBE64EDB10F9DBE5D5E442510FE80C61DA7FF2AF59704D700FB","r3CrhDk9y9HR5uBkogRHu8hS1B4Q7dv3q8","1","81199355","DeGeNFT 2023 Participation Token #31","https://arweave.net/tOQwH33Do2SvBHmbAdvaO1ci4TNioDFMThpMzkMyhy4/66.json","","rfx2mVhTZzc6bLXKeYyFKtpha2LHrkNZFT","DeGeNFT 2023 #BYOBlockchain - Proof of participation NFT","https://arweave.net/Gr7VKnrxB0ts0-OEqvMzMdC79L1Fe4feqqArDCkKaYw/1.png","","https://arweave.net/Gr7VKnrxB0ts0-OEqvMzMdC79L1Fe4feqqArDCkKaYw/2.mp4","","Wartortle","video","en-us","10 seconds","I","2023","Participant","CORplace Studio","113 W Santa Fe Ave, Fullerton, CA 92832"
"0008C35053F8BBBE64EDB10F9DBE5D5E442510FE80C61DA7E845249404D700FA","r3CrhDk9y9HR5uBkogRHu8hS1B4Q7dv3q8","1","81199354","DeGeNFT 2023 Participation Token #22","https://arweave.net/tOQwH33Do2SvBHmbAdvaO1ci4TNioDFMThpMzkMyhy4/57.json","","rfx2mVhTZzc6bLXKeYyFKtpha2LHrkNZFT","DeGeNFT 2023 #BYOBlockchain - Proof of participation NFT","https://arweave.net/Gr7VKnrxB0ts0-OEqvMzMdC79L1Fe4feqqArDCkKaYw/1.png","","https://arweave.net/Gr7VKnrxB0ts0-OEqvMzMdC79L1Fe4feqqArDCkKaYw/2.mp4","","Wartortle","video","en-us","10 seconds","I","2023","Participant","CORplace Studio","113 W Santa Fe Ave, Fullerton, CA 92832"
"0008C35053F8BBBE64EDB10F9DBE5D5E442510FE80C61DA7D15F539504D700F9","r3CrhDk9y9HR5uBkogRHu8hS1B4Q7dv3q8","1","81199353","DeGeNFT 2023 Participation Token #106","https://arweave.net/tOQwH33Do2SvBHmbAdvaO1ci4TNioDFMThpMzkMyhy4/141.json","","rEk2Sb7HDHz5LhXpUxTv9dnHbwYy5GPzuM","DeGeNFT 2023 #BYOBlockchain - Proof of participation NFT","https://arweave.net/Gr7VKnrxB0ts0-OEqvMzMdC79L1Fe4feqqArDCkKaYw/1.png","","https://arweave.net/Gr7VKnrxB0ts0-OEqvMzMdC79L1Fe4feqqArDCkKaYw/2.mp4","","Wartortle","video","en-us","10 seconds","I","2023","Participant","CORplace Studio","113 W Santa Fe Ave, Fullerton, CA 92832"
"0008C35053F8BBBE64EDB10F9DBE5D5E442510FE80C61DA7BA79829204D700F8","r3CrhDk9y9HR5uBkogRHu8hS1B4Q7dv3q8","1","81199352","DeGeNFT 2023 Participation Token #145","https://arweave.net/tOQwH33Do2SvBHmbAdvaO1ci4TNioDFMThpMzkMyhy4/180.json","","rfx2mVhTZzc6bLXKeYyFKtpha2LHrkNZFT","DeGeNFT 2023 #BYOBlockchain - Proof of participation NFT","https://arweave.net/Gr7VKnrxB0ts0-OEqvMzMdC79L1Fe4feqqArDCkKaYw/1.png","","https://arweave.net/Gr7VKnrxB0ts0-OEqvMzMdC79L1Fe4feqqArDCkKaYw/2.mp4","","Wartortle","video","en-us","10 seconds","I","2023","Participant","CORplace Studio","113 W Santa Fe Ave, Fullerton, CA 92832"
"0008C35053F8BBBE64EDB10F9DBE5D5E442510FE80C61DA7A393B19304D700F7","r3CrhDk9y9HR5uBkogRHu8hS1B4Q7dv3q8","1","81199351","DeGeNFT 2023 Participation Token #93","https://arweave.net/tOQwH33Do2SvBHmbAdvaO1ci4TNioDFMThpMzkMyhy4/128.json","","rfx2mVhTZzc6bLXKeYyFKtpha2LHrkNZFT","DeGeNFT 2023 #BYOBlockchain - Proof of participation NFT","https://arweave.net/Gr7VKnrxB0ts0-OEqvMzMdC79L1Fe4feqqArDCkKaYw/1.png","","https://arweave.net/Gr7VKnrxB0ts0-OEqvMzMdC79L1Fe4feqqArDCkKaYw/2.mp4","","Wartortle","video","en-us","10 seconds","I","2023","Participant","CORplace Studio","113 W Santa Fe Ave, Fullerton, CA 92832"
"0008C35053F8BBBE64EDB10F9DBE5D5E442510FE80C61DA78CADE09004D700F6","r3CrhDk9y9HR5uBkogRHu8hS1B4Q7dv3q8","1","81199350","DeGeNFT 2023 Participation Token #80","https://arweave.net/tOQwH33Do2SvBHmbAdvaO1ci4TNioDFMThpMzkMyhy4/115.json","","rfx2mVhTZzc6bLXKeYyFKtpha2LHrkNZFT","DeGeNFT 2023 #BYOBlockchain - Proof of participation NFT","https://arweave.net/Gr7VKnrxB0ts0-OEqvMzMdC79L1Fe4feqqArDCkKaYw/1.png","","https://arweave.net/Gr7VKnrxB0ts0-OEqvMzMdC79L1Fe4feqqArDCkKaYw/2.mp4","","Wartortle","video","en-us","10 seconds","I","2023","Participant","CORplace Studio","113 W Santa Fe Ave, Fullerton, CA 92832"
"0008C35053F8BBBE64EDB10F9DBE5D5E442510FE80C61DA775C80F9104D700F5","r3CrhDk9y9HR5uBkogRHu8hS1B4Q7dv3q8","1","81199349","DeGeNFT 2023 Participation Token #53","https://arweave.net/tOQwH33Do2SvBHmbAdvaO1ci4TNioDFMThpMzkMyhy4/88.json","","rfx2mVhTZzc6bLXKeYyFKtpha2LHrkNZFT","DeGeNFT 2023 #BYOBlockchain - Proof of participation NFT","https://arweave.net/Gr7VKnrxB0ts0-OEqvMzMdC79L1Fe4feqqArDCkKaYw/1.png","","https://arweave.net/Gr7VKnrxB0ts0-OEqvMzMdC79L1Fe4feqqArDCkKaYw/2.mp4","","Wartortle","video","en-us","10 seconds","I","2023","Participant","CORplace Studio","113 W Santa Fe Ave, Fullerton, CA 92832"
"0008C35053F8BBBE64EDB10F9DBE5D5E442510FE80C61DA75EE23E8E04D700F4","r3CrhDk9y9HR5uBkogRHu8hS1B4Q7dv3q8","1","81199348","DeGeNFT 2023 Participation Token #45","https://arweave.net/tOQwH33Do2SvBHmbAdvaO1ci4TNioDFMThpMzkMyhy4/80.json","","rfx2mVhTZzc6bLXKeYyFKtpha2LHrkNZFT","DeGeNFT 2023 #BYOBlockchain - Proof of participation NFT","https://arweave.net/Gr7VKnrxB0ts0-OEqvMzMdC79L1Fe4feqqArDCkKaYw/1.png","","https://arweave.net/Gr7VKnrxB0ts0-OEqvMzMdC79L1Fe4feqqArDCkKaYw/2.mp4","","Wartortle","video","en-us","10 seconds","I","2023","Participant","CORplace Studio","113 W Santa Fe Ave, Fullerton, CA 92832"
"0008C35053F8BBBE64EDB10F9DBE5D5E442510FE80C61DA747FC6D8F04D700F3","r3CrhDk9y9HR5uBkogRHu8hS1B4Q7dv3q8","1","81199347","DeGeNFT 2023 Participation Token #35","https://arweave.net/tOQwH33Do2SvBHmbAdvaO1ci4TNioDFMThpMzkMyhy4/70.json","","rfx2mVhTZzc6bLXKeYyFKtpha2LHrkNZFT","DeGeNFT 2023 #BYOBlockchain - Proof of participation NFT","https://arweave.net/Gr7VKnrxB0ts0-OEqvMzMdC79L1Fe4feqqArDCkKaYw/1.png","","https://arweave.net/Gr7VKnrxB0ts0-OEqvMzMdC79L1Fe4feqqArDCkKaYw/2.mp4","","Wartortle","video","en-us","10 seconds","I","2023","Participant","CORplace Studio","113 W Santa Fe Ave, Fullerton, CA 92832"
"0008C35053F8BBBE64EDB10F9DBE5D5E442510FE80C61DA731169C8C04D700F2","r3CrhDk9y9HR5uBkogRHu8hS1B4Q7dv3q8","1","81199346","DeGeNFT 2023 Participation Token #26","https://arweave.net/tOQwH33Do2SvBHmbAdvaO1ci4TNioDFMThpMzkMyhy4/61.json","","rfx2mVhTZzc6bLXKeYyFKtpha2LHrkNZFT","DeGeNFT 2023 #BYOBlockchain - Proof of participation NFT","https://arweave.net/Gr7VKnrxB0ts0-OEqvMzMdC79L1Fe4feqqArDCkKaYw/1.png","","https://arweave.net/Gr7VKnrxB0ts0-OEqvMzMdC79L1Fe4feqqArDCkKaYw/2.mp4","","Wartortle","video","en-us","10 seconds","I","2023","Participant","CORplace Studio","113 W Santa Fe Ave, Fullerton, CA 92832"
"0008C35053F8BBBE64EDB10F9DBE5D5E442510FE80C61DA71A30CB8D04D700F1","r3CrhDk9y9HR5uBkogRHu8hS1B4Q7dv3q8","1","81199345","DeGeNFT 2023 Participation Token #25","https://arweave.net/tOQwH33Do2SvBHmbAdvaO1ci4TNioDFMThpMzkMyhy4/60.json","","rfx2mVhTZzc6bLXKeYyFKtpha2LHrkNZFT","DeGeNFT 2023 #BYOBlockchain - Proof of participation NFT","https://arweave.net/Gr7VKnrxB0ts0-OEqvMzMdC79L1Fe4feqqArDCkKaYw/1.png","","https://arweave.net/Gr7VKnrxB0ts0-OEqvMzMdC79L1Fe4feqqArDCkKaYw/2.mp4","","Wartortle","video","en-us","10 seconds","I","2023","Participant","CORplace Studio","113 W Santa Fe Ave, Fullerton, CA 92832"
"0008C35053F8BBBE64EDB10F9DBE5D5E442510FE80C61DA7034AFA8A04D700F0","r3CrhDk9y9HR5uBkogRHu8hS1B4Q7dv3q8","1","81199344","DeGeNFT 2023 Participation Token #5","https://arweave.net/tOQwH33Do2SvBHmbAdvaO1ci4TNioDFMThpMzkMyhy4/40.json","","rfx2mVhTZzc6bLXKeYyFKtpha2LHrkNZFT","DeGeNFT 2023 #BYOBlockchain - Proof of participation NFT","https://arweave.net/Gr7VKnrxB0ts0-OEqvMzMdC79L1Fe4feqqArDCkKaYw/1.png","","https://arweave.net/Gr7VKnrxB0ts0-OEqvMzMdC79L1Fe4feqqArDCkKaYw/2.mp4","","Wartortle","video","en-us","10 seconds","I","2023","Participant","CORplace Studio","113 W Santa Fe Ave, Fullerton, CA 92832"
"0008C35053F8BBBE64EDB10F9DBE5D5E442510FE80C61DA7EC65298B04D700EF","r3CrhDk9y9HR5uBkogRHu8hS1B4Q7dv3q8","1","81199343","DeGeNFT 2023 Participation Token #91","https://arweave.net/tOQwH33Do2SvBHmbAdvaO1ci4TNioDFMThpMzkMyhy4/126.json","","rfx2mVhTZzc6bLXKeYyFKtpha2LHrkNZFT","DeGeNFT 2023 #BYOBlockchain - Proof of participation NFT","https://arweave.net/Gr7VKnrxB0ts0-OEqvMzMdC79L1Fe4feqqArDCkKaYw/1.png","","https://arweave.net/Gr7VKnrxB0ts0-OEqvMzMdC79L1Fe4feqqArDCkKaYw/2.mp4","","Wartortle","video","en-us","10 seconds","I","2023","Participant","CORplace Studio","113 W Santa Fe Ave, Fullerton, CA 92832"
"0008C35053F8BBBE64EDB10F9DBE5D5E442510FE80C61DA7D57F588804D700EE","r3CrhDk9y9HR5uBkogRHu8hS1B4Q7dv3q8","1","81199342","DeGeNFT 2023 Participation Token #89","https://arweave.net/tOQwH33Do2SvBHmbAdvaO1ci4TNioDFMThpMzkMyhy4/124.json","","rfx2mVhTZzc6bLXKeYyFKtpha2LHrkNZFT","DeGeNFT 2023 #BYOBlockchain - Proof of participation NFT","https://arweave.net/Gr7VKnrxB0ts0-OEqvMzMdC79L1Fe4feqqArDCkKaYw/1.png","","https://arweave.net/Gr7VKnrxB0ts0-OEqvMzMdC79L1Fe4feqqArDCkKaYw/2.mp4","","Wartortle","video","en-us","10 seconds","I","2023","Participant","CORplace Studio","113 W Santa Fe Ave, Fullerton, CA 92832"
"0008C35053F8BBBE64EDB10F9DBE5D5E442510FE80C61DA7BE99878904D700ED","r3CrhDk9y9HR5uBkogRHu8hS1B4Q7dv3q8","1","81199341","DeGeNFT 2023 Participation Token #108","https://arweave.net/tOQwH33Do2SvBHmbAdvaO1ci4TNioDFMThpMzkMyhy4/143.json","","rfx2mVhTZzc6bLXKeYyFKtpha2LHrkNZFT","DeGeNFT 2023 #BYOBlockchain - Proof of participation NFT","https://arweave.net/Gr7VKnrxB0ts0-OEqvMzMdC79L1Fe4feqqArDCkKaYw/1.png","","https://arweave.net/Gr7VKnrxB0ts0-OEqvMzMdC79L1Fe4feqqArDCkKaYw/2.mp4","","Wartortle","video","en-us","10 seconds","I","2023","Participant","CORplace Studio","113 W Santa Fe Ave, Fullerton, CA 92832"
"0008C35053F8BBBE64EDB10F9DBE5D5E442510FE80C61DA7A7B3B68604D700EC","r3CrhDk9y9HR5uBkogRHu8hS1B4Q7dv3q8","1","81199340","DeGeNFT 2023 Participation Token #107","https://arweave.net/tOQwH33Do2SvBHmbAdvaO1ci4TNioDFMThpMzkMyhy4/142.json","","rfx2mVhTZzc6bLXKeYyFKtpha2LHrkNZFT","DeGeNFT 2023 #BYOBlockchain - Proof of participation NFT","https://arweave.net/Gr7VKnrxB0ts0-OEqvMzMdC79L1Fe4feqqArDCkKaYw/1.png","","https://arweave.net/Gr7VKnrxB0ts0-OEqvMzMdC79L1Fe4feqqArDCkKaYw/2.mp4","","Wartortle","video","en-us","10 seconds","I","2023","Participant","CORplace Studio","113 W Santa Fe Ave, Fullerton, CA 92832"
"0008C35053F8BBBE64EDB10F9DBE5D5E442510FE80C61DA790CDE58704D700EB","r3CrhDk9y9HR5uBkogRHu8hS1B4Q7dv3q8","1","81199339","DeGeNFT 2023 Participation Token #64","https://arweave.net/tOQwH33Do2SvBHmbAdvaO1ci4TNioDFMThpMzkMyhy4/99.json","","rfx2mVhTZzc6bLXKeYyFKtpha2LHrkNZFT","DeGeNFT 2023 #BYOBlockchain - Proof of participation NFT","https://arweave.net/Gr7VKnrxB0ts0-OEqvMzMdC79L1Fe4feqqArDCkKaYw/1.png","","https://arweave.net/Gr7VKnrxB0ts0-OEqvMzMdC79L1Fe4feqqArDCkKaYw/2.mp4","","Wartortle","video","en-us","10 seconds","I","2023","Participant","CORplace Studio","113 W Santa Fe Ave, Fullerton, CA 92832"
"0008C35053F8BBBE64EDB10F9DBE5D5E442510FE80C61DA76C82CCEF00000053","r3CrhDk9y9HR5uBkogRHu8hS1B4Q7dv3q8","1","83","DeGeNFT 2023 Participation Token #163","https://arweave.net/tOQwH33Do2SvBHmbAdvaO1ci4TNioDFMThpMzkMyhy4/198.json","","r3CrhDk9y9HR5uBkogRHu8hS1B4Q7dv3q8","DeGeNFT 2023 #BYOBlockchain - Proof of participation NFT","https://arweave.net/Gr7VKnrxB0ts0-OEqvMzMdC79L1Fe4feqqArDCkKaYw/1.png","","https://arweave.net/Gr7VKnrxB0ts0-OEqvMzMdC79L1Fe4feqqArDCkKaYw/2.mp4","","Wartortle","video","en-us","10 seconds","I","2023","Participant","CORplace Studio","113 W Santa Fe Ave, Fullerton, CA 92832"
"0008C35053F8BBBE64EDB10F9DBE5D5E442510FE80C61DA7559CFBEC00000052","r3CrhDk9y9HR5uBkogRHu8hS1B4Q7dv3q8","1","82","DeGeNFT 2023 Participation Token #161","https://arweave.net/tOQwH33Do2SvBHmbAdvaO1ci4TNioDFMThpMzkMyhy4/196.json","","r3CrhDk9y9HR5uBkogRHu8hS1B4Q7dv3q8","DeGeNFT 2023 #BYOBlockchain - Proof of participation NFT","https://arweave.net/Gr7VKnrxB0ts0-OEqvMzMdC79L1Fe4feqqArDCkKaYw/1.png","","https://arweave.net/Gr7VKnrxB0ts0-OEqvMzMdC79L1Fe4feqqArDCkKaYw/2.mp4","","Wartortle","video","en-us","10 seconds","I","2023","Participant","CORplace Studio","113 W Santa Fe Ave, Fullerton, CA 92832"
"0008C35053F8BBBE64EDB10F9DBE5D5E442510FE80C61DA73EB72AED00000051","r3CrhDk9y9HR5uBkogRHu8hS1B4Q7dv3q8","1","81","DeGeNFT 2023 Participation Token #155","https://arweave.net/tOQwH33Do2SvBHmbAdvaO1ci4TNioDFMThpMzkMyhy4/190.json","","r3CrhDk9y9HR5uBkogRHu8hS1B4Q7dv3q8","DeGeNFT 2023 #BYOBlockchain - Proof of participation NFT","https://arweave.net/Gr7VKnrxB0ts0-OEqvMzMdC79L1Fe4feqqArDCkKaYw/1.png","","https://arweave.net/Gr7VKnrxB0ts0-OEqvMzMdC79L1Fe4feqqArDCkKaYw/2.mp4","","Wartortle","video","en-us","10 seconds","I","2023","Participant","CORplace Studio","113 W Santa Fe Ave, Fullerton, CA 92832"
"0008C35053F8BBBE64EDB10F9DBE5D5E442510FE80C61DA727D159EA00000050","r3CrhDk9y9HR5uBkogRHu8hS1B4Q7dv3q8","1","80","DeGeNFT 2023 Participation Token #140","https://arweave.net/tOQwH33Do2SvBHmbAdvaO1ci4TNioDFMThpMzkMyhy4/175.json","","r3CrhDk9y9HR5uBkogRHu8hS1B4Q7dv3q8","DeGeNFT 2023 #BYOBlockchain - Proof of participation NFT","https://arweave.net/Gr7VKnrxB0ts0-OEqvMzMdC79L1Fe4feqqArDCkKaYw/1.png","","https://arweave.net/Gr7VKnrxB0ts0-OEqvMzMdC79L1Fe4feqqArDCkKaYw/2.mp4","","Wartortle","video","en-us","10 seconds","I","2023","Participant","CORplace Studio","113 W Santa Fe Ave, Fullerton, CA 92832"
"0008C35053F8BBBE64EDB10F9DBE5D5E442510FE80C61DA710EB88EB0000004F","r3CrhDk9y9HR5uBkogRHu8hS1B4Q7dv3q8","1","79","DeGeNFT 2023 Participation Token #139","https://arweave.net/tOQwH33Do2SvBHmbAdvaO1ci4TNioDFMThpMzkMyhy4/174.json","","r3CrhDk9y9HR5uBkogRHu8hS1B4Q7dv3q8","DeGeNFT 2023 #BYOBlockchain - Proof of participation NFT","https://arweave.net/Gr7VKnrxB0ts0-OEqvMzMdC79L1Fe4feqqArDCkKaYw/1.png","","https://arweave.net/Gr7VKnrxB0ts0-OEqvMzMdC79L1Fe4feqqArDCkKaYw/2.mp4","","Wartortle","video","en-us","10 seconds","I","2023","Participant","CORplace Studio","113 W Santa Fe Ave, Fullerton, CA 92832"
"0008C35053F8BBBE64EDB10F9DBE5D5E442510FE80C61DA7FA05B7E80000004E","r3CrhDk9y9HR5uBkogRHu8hS1B4Q7dv3q8","1","78","DeGeNFT 2023 Participation Token #137","https://arweave.net/tOQwH33Do2SvBHmbAdvaO1ci4TNioDFMThpMzkMyhy4/172.json","","r3CrhDk9y9HR5uBkogRHu8hS1B4Q7dv3q8","DeGeNFT 2023 #BYOBlockchain - Proof of participation NFT","https://arweave.net/Gr7VKnrxB0ts0-OEqvMzMdC79L1Fe4feqqArDCkKaYw/1.png","","https://arweave.net/Gr7VKnrxB0ts0-OEqvMzMdC79L1Fe4feqqArDCkKaYw/2.mp4","","Wartortle","video","en-us","10 seconds","I","2023","Participant","CORplace Studio","113 W Santa Fe Ave, Fullerton, CA 92832"
"0008C35053F8BBBE64EDB10F9DBE5D5E442510FE80C61DA7E31FE6E90000004D","r3CrhDk9y9HR5uBkogRHu8hS1B4Q7dv3q8","1","77","DeGeNFT 2023 Participation Token #133","https://arweave.net/tOQwH33Do2SvBHmbAdvaO1ci4TNioDFMThpMzkMyhy4/168.json","","r3CrhDk9y9HR5uBkogRHu8hS1B4Q7dv3q8","DeGeNFT 2023 #BYOBlockchain - Proof of participation NFT","https://arweave.net/Gr7VKnrxB0ts0-OEqvMzMdC79L1Fe4feqqArDCkKaYw/1.png","","https://arweave.net/Gr7VKnrxB0ts0-OEqvMzMdC79L1Fe4feqqArDCkKaYw/2.mp4","","Wartortle","video","en-us","10 seconds","I","2023","Participant","CORplace Studio","113 W Santa Fe Ave, Fullerton, CA 92832"
"0008C35053F8BBBE64EDB10F9DBE5D5E442510FE80C61DA7CC3A15E60000004C","r3CrhDk9y9HR5uBkogRHu8hS1B4Q7dv3q8","1","76","DeGeNFT 2023 Participation Token #132","https://arweave.net/tOQwH33Do2SvBHmbAdvaO1ci4TNioDFMThpMzkMyhy4/167.json","","r3CrhDk9y9HR5uBkogRHu8hS1B4Q7dv3q8","DeGeNFT 2023 #BYOBlockchain - Proof of participation NFT","https://arweave.net/Gr7VKnrxB0ts0-OEqvMzMdC79L1Fe4feqqArDCkKaYw/1.png","","https://arweave.net/Gr7VKnrxB0ts0-OEqvMzMdC79L1Fe4feqqArDCkKaYw/2.mp4","","Wartortle","video","en-us","10 seconds","I","2023","Participant","CORplace Studio","113 W Santa Fe Ave, Fullerton, CA 92832"
"0008C35053F8BBBE64EDB10F9DBE5D5E442510FE80C61DA7B55444E70000004B","r3CrhDk9y9HR5uBkogRHu8hS1B4Q7dv3q8","1","75","DeGeNFT 2023 Participation Token #119","https://arweave.net/tOQwH33Do2SvBHmbAdvaO1ci4TNioDFMThpMzkMyhy4/154.json","","r3CrhDk9y9HR5uBkogRHu8hS1B4Q7dv3q8","DeGeNFT 2023 #BYOBlockchain - Proof of participation NFT","https://arweave.net/Gr7VKnrxB0ts0-OEqvMzMdC79L1Fe4feqqArDCkKaYw/1.png","","https://arweave.net/Gr7VKnrxB0ts0-OEqvMzMdC79L1Fe4feqqArDCkKaYw/2.mp4","","Wartortle","video","en-us","10 seconds","I","2023","Participant","CORplace Studio","113 W Santa Fe Ave, Fullerton, CA 92832"
"0008C35053F8BBBE64EDB10F9DBE5D5E442510FE80C61DA79E6E73E40000004A","r3CrhDk9y9HR5uBkogRHu8hS1B4Q7dv3q8","1","74","DeGeNFT 2023 Participation Token #116","https://arweave.net/tOQwH33Do2SvBHmbAdvaO1ci4TNioDFMThpMzkMyhy4/151.json","","r4rLTYeuJzhrht3d5r4MPnmrL3u5DPRF79","DeGeNFT 2023 #BYOBlockchain - Proof of participation NFT","https://arweave.net/Gr7VKnrxB0ts0-OEqvMzMdC79L1Fe4feqqArDCkKaYw/1.png","","https://arweave.net/Gr7VKnrxB0ts0-OEqvMzMdC79L1Fe4feqqArDCkKaYw/2.mp4","","Wartortle","video","en-us","10 seconds","I","2023","Participant","CORplace Studio","113 W Santa Fe Ave, Fullerton, CA 92832"
"0008C35053F8BBBE64EDB10F9DBE5D5E442510FE80C61DA78788A2E500000049","r3CrhDk9y9HR5uBkogRHu8hS1B4Q7dv3q8","1","73","DeGeNFT 2023 Participation Token #115","https://arweave.net/tOQwH33Do2SvBHmbAdvaO1ci4TNioDFMThpMzkMyhy4/150.json","","rE8gzjgU4uggXZckkSukwB4EcFjWaTqWwF","DeGeNFT 2023 #BYOBlockchain - Proof of participation NFT","https://arweave.net/Gr7VKnrxB0ts0-OEqvMzMdC79L1Fe4feqqArDCkKaYw/1.png","","https://arweave.net/Gr7VKnrxB0ts0-OEqvMzMdC79L1Fe4feqqArDCkKaYw/2.mp4","","Wartortle","video","en-us","10 seconds","I","2023","Participant","CORplace Studio","113 W Santa Fe Ave, Fullerton, CA 92832"
"0008C35053F8BBBE64EDB10F9DBE5D5E442510FE80C61DA770A2D1E200000048","r3CrhDk9y9HR5uBkogRHu8hS1B4Q7dv3q8","1","72","DeGeNFT 2023 Participation Token #111","https://arweave.net/tOQwH33Do2SvBHmbAdvaO1ci4TNioDFMThpMzkMyhy4/146.json","","r3CrhDk9y9HR5uBkogRHu8hS1B4Q7dv3q8","DeGeNFT 2023 #BYOBlockchain - Proof of participation NFT","https://arweave.net/Gr7VKnrxB0ts0-OEqvMzMdC79L1Fe4feqqArDCkKaYw/1.png","","https://arweave.net/Gr7VKnrxB0ts0-OEqvMzMdC79L1Fe4feqqArDCkKaYw/2.mp4","","Wartortle","video","en-us","10 seconds","I","2023","Participant","CORplace Studio","113 W Santa Fe Ave, Fullerton, CA 92832"
"0008C35053F8BBBE64EDB10F9DBE5D5E442510FE80C61DA759BD00E300000047","r3CrhDk9y9HR5uBkogRHu8hS1B4Q7dv3q8","1","71","DeGeNFT 2023 Participation Token #98","https://arweave.net/tOQwH33Do2SvBHmbAdvaO1ci4TNioDFMThpMzkMyhy4/133.json","","r3CrhDk9y9HR5uBkogRHu8hS1B4Q7dv3q8","DeGeNFT 2023 #BYOBlockchain - Proof of participation NFT","https://arweave.net/Gr7VKnrxB0ts0-OEqvMzMdC79L1Fe4feqqArDCkKaYw/1.png","","https://arweave.net/Gr7VKnrxB0ts0-OEqvMzMdC79L1Fe4feqqArDCkKaYw/2.mp4","","Wartortle","video","en-us","10 seconds","I","2023","Participant","CORplace Studio","113 W Santa Fe Ave, Fullerton, CA 92832"
"0008C35053F8BBBE64EDB10F9DBE5D5E442510FE80C61DA742D72FE000000046","r3CrhDk9y9HR5uBkogRHu8hS1B4Q7dv3q8","1","70","DeGeNFT 2023 Participation Token #94","https://arweave.net/tOQwH33Do2SvBHmbAdvaO1ci4TNioDFMThpMzkMyhy4/129.json","","r6u3NVg97xF74CdqDPw3zz9ooV4dGxaQp","DeGeNFT 2023 #BYOBlockchain - Proof of participation NFT","https://arweave.net/Gr7VKnrxB0ts0-OEqvMzMdC79L1Fe4feqqArDCkKaYw/1.png","","https://arweave.net/Gr7VKnrxB0ts0-OEqvMzMdC79L1Fe4feqqArDCkKaYw/2.mp4","","Wartortle","video","en-us","10 seconds","I","2023","Participant","CORplace Studio","113 W Santa Fe Ave, Fullerton, CA 92832"
"0008C35053F8BBBE64EDB10F9DBE5D5E442510FE80C61DA72BF15EE100000045","r3CrhDk9y9HR5uBkogRHu8hS1B4Q7dv3q8","1","69","DeGeNFT 2023 Participation Token #88","https://arweave.net/tOQwH33Do2SvBHmbAdvaO1ci4TNioDFMThpMzkMyhy4/123.json","","rEsoVXM1CmP8KkwJ7JdukkzPeqpqieWXMm","DeGeNFT 2023 #BYOBlockchain - Proof of participation NFT","https://arweave.net/Gr7VKnrxB0ts0-OEqvMzMdC79L1Fe4feqqArDCkKaYw/1.png","","https://arweave.net/Gr7VKnrxB0ts0-OEqvMzMdC79L1Fe4feqqArDCkKaYw/2.mp4","","Wartortle","video","en-us","10 seconds","I","2023","Participant","CORplace Studio","113 W Santa Fe Ave, Fullerton, CA 92832"
"0008C35053F8BBBE64EDB10F9DBE5D5E442510FE80C61DA7150B8DDE00000044","r3CrhDk9y9HR5uBkogRHu8hS1B4Q7dv3q8","1","68","DeGeNFT 2023 Participation Token #83","https://arweave.net/tOQwH33Do2SvBHmbAdvaO1ci4TNioDFMThpMzkMyhy4/118.json","","rp5E2WF3CBPAYKkTVstKo9HfapwCw4XDpe","DeGeNFT 2023 #BYOBlockchain - Proof of participation NFT","https://arweave.net/Gr7VKnrxB0ts0-OEqvMzMdC79L1Fe4feqqArDCkKaYw/1.png","","https://arweave.net/Gr7VKnrxB0ts0-OEqvMzMdC79L1Fe4feqqArDCkKaYw/2.mp4","","Wartortle","video","en-us","10 seconds","I","2023","Participant","CORplace Studio","113 W Santa Fe Ave, Fullerton, CA 92832"
"0008C35053F8BBBE64EDB10F9DBE5D5E442510FE80C61DA7FE25BCDF00000043","r3CrhDk9y9HR5uBkogRHu8hS1B4Q7dv3q8","1","67","DeGeNFT 2023 Participation Token #81","https://arweave.net/tOQwH33Do2SvBHmbAdvaO1ci4TNioDFMThpMzkMyhy4/116.json","","rpG8gE6SoZWJc4h8D5FGcwkVcDAmKKfTrU","DeGeNFT 2023 #BYOBlockchain - Proof of participation NFT","https://arweave.net/Gr7VKnrxB0ts0-OEqvMzMdC79L1Fe4feqqArDCkKaYw/1.png","","https://arweave.net/Gr7VKnrxB0ts0-OEqvMzMdC79L1Fe4feqqArDCkKaYw/2.mp4","","Wartortle","video","en-us","10 seconds","I","2023","Participant","CORplace Studio","113 W Santa Fe Ave, Fullerton, CA 92832"
"0008C35053F8BBBE64EDB10F9DBE5D5E442510FE80C61DA7E73FEBDC00000042","r3CrhDk9y9HR5uBkogRHu8hS1B4Q7dv3q8","1","66","DeGeNFT 2023 Participation Token #78","https://arweave.net/tOQwH33Do2SvBHmbAdvaO1ci4TNioDFMThpMzkMyhy4/113.json","","rHUKfL1XDAKCvqAp7RPUBU5M3jHq9qpXRE","DeGeNFT 2023 #BYOBlockchain - Proof of participation NFT","https://arweave.net/Gr7VKnrxB0ts0-OEqvMzMdC79L1Fe4feqqArDCkKaYw/1.png","","https://arweave.net/Gr7VKnrxB0ts0-OEqvMzMdC79L1Fe4feqqArDCkKaYw/2.mp4","","Wartortle","video","en-us","10 seconds","I","2023","Participant","CORplace Studio","113 W Santa Fe Ave, Fullerton, CA 92832"
"0008C35053F8BBBE64EDB10F9DBE5D5E442510FE80C61DA7D05A1ADD00000041","r3CrhDk9y9HR5uBkogRHu8hS1B4Q7dv3q8","1","65","DeGeNFT 2023 Participation Token #71","https://arweave.net/tOQwH33Do2SvBHmbAdvaO1ci4TNioDFMThpMzkMyhy4/106.json","","rKu5YATxNaE35MPeUp2z8JEf9ghTiePQL1","DeGeNFT 2023 #BYOBlockchain - Proof of participation NFT","https://arweave.net/Gr7VKnrxB0ts0-OEqvMzMdC79L1Fe4feqqArDCkKaYw/1.png","","https://arweave.net/Gr7VKnrxB0ts0-OEqvMzMdC79L1Fe4feqqArDCkKaYw/2.mp4","","Wartortle","video","en-us","10 seconds","I","2023","Participant","CORplace Studio","113 W Santa Fe Ave, Fullerton, CA 92832"
"0008C35053F8BBBE64EDB10F9DBE5D5E442510FE80C61DA7B97449DA00000040","r3CrhDk9y9HR5uBkogRHu8hS1B4Q7dv3q8","1","64","DeGeNFT 2023 Participation Token #70","https://arweave.net/tOQwH33Do2SvBHmbAdvaO1ci4TNioDFMThpMzkMyhy4/105.json","","r3CrhDk9y9HR5uBkogRHu8hS1B4Q7dv3q8","DeGeNFT 2023 #BYOBlockchain - Proof of participation NFT","https://arweave.net/Gr7VKnrxB0ts0-OEqvMzMdC79L1Fe4feqqArDCkKaYw/1.png","","https://arweave.net/Gr7VKnrxB0ts0-OEqvMzMdC79L1Fe4feqqArDCkKaYw/2.mp4","","Wartortle","video","en-us","10 seconds","I","2023","Participant","CORplace Studio","113 W Santa Fe Ave, Fullerton, CA 92832"
"0008C35053F8BBBE64EDB10F9DBE5D5E442510FE80C61DA7A28E78DB0000003F","r3CrhDk9y9HR5uBkogRHu8hS1B4Q7dv3q8","1","63","DeGeNFT 2023 Participation Token #66","https://arweave.net/tOQwH33Do2SvBHmbAdvaO1ci4TNioDFMThpMzkMyhy4/101.json","","r3CrhDk9y9HR5uBkogRHu8hS1B4Q7dv3q8","DeGeNFT 2023 #BYOBlockchain - Proof of participation NFT","https://arweave.net/Gr7VKnrxB0ts0-OEqvMzMdC79L1Fe4feqqArDCkKaYw/1.png","","https://arweave.net/Gr7VKnrxB0ts0-OEqvMzMdC79L1Fe4feqqArDCkKaYw/2.mp4","","Wartortle","video","en-us","10 seconds","I","2023","Participant","CORplace Studio","113 W Santa Fe Ave, Fullerton, CA 92832"
"0008C35053F8BBBE64EDB10F9DBE5D5E442510FE80C61DA78BA8A7D80000003E","r3CrhDk9y9HR5uBkogRHu8hS1B4Q7dv3q8","1","62","DeGeNFT 2023 Participation Token #60","https://arweave.net/tOQwH33Do2SvBHmbAdvaO1ci4TNioDFMThpMzkMyhy4/95.json","","r3CrhDk9y9HR5uBkogRHu8hS1B4Q7dv3q8","DeGeNFT 2023 #BYOBlockchain - Proof of participation NFT","https://arweave.net/Gr7VKnrxB0ts0-OEqvMzMdC79L1Fe4feqqArDCkKaYw/1.png","","https://arweave.net/Gr7VKnrxB0ts0-OEqvMzMdC79L1Fe4feqqArDCkKaYw/2.mp4","","Wartortle","video","en-us","10 seconds","I","2023","Participant","CORplace Studio","113 W Santa Fe Ave, Fullerton, CA 92832"
"0008C35053F8BBBE64EDB10F9DBE5D5E442510FE80C61DA774C2D6D90000003D","r3CrhDk9y9HR5uBkogRHu8hS1B4Q7dv3q8","1","61","DeGeNFT 2023 Participation Token #52","https://arweave.net/tOQwH33Do2SvBHmbAdvaO1ci4TNioDFMThpMzkMyhy4/87.json","","r3CrhDk9y9HR5uBkogRHu8hS1B4Q7dv3q8","DeGeNFT 2023 #BYOBlockchain - Proof of participation NFT","https://arweave.net/Gr7VKnrxB0ts0-OEqvMzMdC79L1Fe4feqqArDCkKaYw/1.png","","https://arweave.net/Gr7VKnrxB0ts0-OEqvMzMdC79L1Fe4feqqArDCkKaYw/2.mp4","","Wartortle","video","en-us","10 seconds","I","2023","Participant","CORplace Studio","113 W Santa Fe Ave, Fullerton, CA 92832"
"0008C35053F8BBBE64EDB10F9DBE5D5E442510FE80C61DA75DDD05D60000003C","r3CrhDk9y9HR5uBkogRHu8hS1B4Q7dv3q8","1","60","DeGeNFT 2023 Participation Token #47","https://arweave.net/tOQwH33Do2SvBHmbAdvaO1ci4TNioDFMThpMzkMyhy4/82.json","","r3CrhDk9y9HR5uBkogRHu8hS1B4Q7dv3q8","DeGeNFT 2023 #BYOBlockchain - Proof of participation NFT","https://arweave.net/Gr7VKnrxB0ts0-OEqvMzMdC79L1Fe4feqqArDCkKaYw/1.png","","https://arweave.net/Gr7VKnrxB0ts0-OEqvMzMdC79L1Fe4feqqArDCkKaYw/2.mp4","","Wartortle","video","en-us","10 seconds","I","2023","Participant","CORplace Studio","113 W Santa Fe Ave, Fullerton, CA 92832"
"0008C35053F8BBBE64EDB10F9DBE5D5E442510FE80C61DA746F734D70000003B","r3CrhDk9y9HR5uBkogRHu8hS1B4Q7dv3q8","1","59","DeGeNFT 2023 Participation Token #41","https://arweave.net/tOQwH33Do2SvBHmbAdvaO1ci4TNioDFMThpMzkMyhy4/76.json","","r3CrhDk9y9HR5uBkogRHu8hS1B4Q7dv3q8","DeGeNFT 2023 #BYOBlockchain - Proof of participation NFT","https://arweave.net/Gr7VKnrxB0ts0-OEqvMzMdC79L1Fe4feqqArDCkKaYw/1.png","","https://arweave.net/Gr7VKnrxB0ts0-OEqvMzMdC79L1Fe4feqqArDCkKaYw/2.mp4","","Wartortle","video","en-us","10 seconds","I","2023","Participant","CORplace Studio","113 W Santa Fe Ave, Fullerton, CA 92832"
"0008C35053F8BBBE64EDB10F9DBE5D5E442510FE80C61DA7301163D40000003A","r3CrhDk9y9HR5uBkogRHu8hS1B4Q7dv3q8","1","58","DeGeNFT 2023 Participation Token #40","https://arweave.net/tOQwH33Do2SvBHmbAdvaO1ci4TNioDFMThpMzkMyhy4/75.json","","r3CrhDk9y9HR5uBkogRHu8hS1B4Q7dv3q8","DeGeNFT 2023 #BYOBlockchain - Proof of participation NFT","https://arweave.net/Gr7VKnrxB0ts0-OEqvMzMdC79L1Fe4feqqArDCkKaYw/1.png","","https://arweave.net/Gr7VKnrxB0ts0-OEqvMzMdC79L1Fe4feqqArDCkKaYw/2.mp4","","Wartortle","video","en-us","10 seconds","I","2023","Participant","CORplace Studio","113 W Santa Fe Ave, Fullerton, CA 92832"
"0008C35053F8BBBE64EDB10F9DBE5D5E442510FE80C61DA7192B92D500000039","r3CrhDk9y9HR5uBkogRHu8hS1B4Q7dv3q8","1","57","DeGeNFT 2023 Participation Token #39","https://arweave.net/tOQwH33Do2SvBHmbAdvaO1ci4TNioDFMThpMzkMyhy4/74.json","","r3CrhDk9y9HR5uBkogRHu8hS1B4Q7dv3q8","DeGeNFT 2023 #BYOBlockchain - Proof of participation NFT","https://arweave.net/Gr7VKnrxB0ts0-OEqvMzMdC79L1Fe4feqqArDCkKaYw/1.png","","https://arweave.net/Gr7VKnrxB0ts0-OEqvMzMdC79L1Fe4feqqArDCkKaYw/2.mp4","","Wartortle","video","en-us","10 seconds","I","2023","Participant","CORplace Studio","113 W Santa Fe Ave, Fullerton, CA 92832"
"0008C35053F8BBBE64EDB10F9DBE5D5E442510FE80C61DA70245C1D200000038","r3CrhDk9y9HR5uBkogRHu8hS1B4Q7dv3q8","1","56","DeGeNFT 2023 Participation Token #36","https://arweave.net/tOQwH33Do2SvBHmbAdvaO1ci4TNioDFMThpMzkMyhy4/71.json","","r3CrhDk9y9HR5uBkogRHu8hS1B4Q7dv3q8","DeGeNFT 2023 #BYOBlockchain - Proof of participation NFT","https://arweave.net/Gr7VKnrxB0ts0-OEqvMzMdC79L1Fe4feqqArDCkKaYw/1.png","","https://arweave.net/Gr7VKnrxB0ts0-OEqvMzMdC79L1Fe4feqqArDCkKaYw/2.mp4","","Wartortle","video","en-us","10 seconds","I","2023","Participant","CORplace Studio","113 W Santa Fe Ave, Fullerton, CA 92832"
"0008C35053F8BBBE64EDB10F9DBE5D5E442510FE80C61DA7EB5FF0D300000037","r3CrhDk9y9HR5uBkogRHu8hS1B4Q7dv3q8","1","55","DeGeNFT 2023 Participation Token #33","https://arweave.net/tOQwH33Do2SvBHmbAdvaO1ci4TNioDFMThpMzkMyhy4/68.json","","r3CrhDk9y9HR5uBkogRHu8hS1B4Q7dv3q8","DeGeNFT 2023 #BYOBlockchain - Proof of participation NFT","https://arweave.net/Gr7VKnrxB0ts0-OEqvMzMdC79L1Fe4feqqArDCkKaYw/1.png","","https://arweave.net/Gr7VKnrxB0ts0-OEqvMzMdC79L1Fe4feqqArDCkKaYw/2.mp4","","Wartortle","video","en-us","10 seconds","I","2023","Participant","CORplace Studio","113 W Santa Fe Ave, Fullerton, CA 92832"
"0008C35053F8BBBE64EDB10F9DBE5D5E442510FE80C61DA7D47A1FD000000036","r3CrhDk9y9HR5uBkogRHu8hS1B4Q7dv3q8","1","54","DeGeNFT 2023 Participation Token #30","https://arweave.net/tOQwH33Do2SvBHmbAdvaO1ci4TNioDFMThpMzkMyhy4/65.json","","r3CrhDk9y9HR5uBkogRHu8hS1B4Q7dv3q8","DeGeNFT 2023 #BYOBlockchain - Proof of participation NFT","https://arweave.net/Gr7VKnrxB0ts0-OEqvMzMdC79L1Fe4feqqArDCkKaYw/1.png","","https://arweave.net/Gr7VKnrxB0ts0-OEqvMzMdC79L1Fe4feqqArDCkKaYw/2.mp4","","Wartortle","video","en-us","10 seconds","I","2023","Participant","CORplace Studio","113 W Santa Fe Ave, Fullerton, CA 92832"
"0008C35053F8BBBE64EDB10F9DBE5D5E442510FE80C61DA7BD944ED100000035","r3CrhDk9y9HR5uBkogRHu8hS1B4Q7dv3q8","1","53","DeGeNFT 2023 Participation Token #29","https://arweave.net/tOQwH33Do2SvBHmbAdvaO1ci4TNioDFMThpMzkMyhy4/64.json","","r3CrhDk9y9HR5uBkogRHu8hS1B4Q7dv3q8","DeGeNFT 2023 #BYOBlockchain - Proof of participation NFT","https://arweave.net/Gr7VKnrxB0ts0-OEqvMzMdC79L1Fe4feqqArDCkKaYw/1.png","","https://arweave.net/Gr7VKnrxB0ts0-OEqvMzMdC79L1Fe4feqqArDCkKaYw/2.mp4","","Wartortle","video","en-us","10 seconds","I","2023","Participant","CORplace Studio","113 W Santa Fe Ave, Fullerton, CA 92832"
"0008C35053F8BBBE64EDB10F9DBE5D5E442510FE80C61DA7A6AE7DCE00000034","r3CrhDk9y9HR5uBkogRHu8hS1B4Q7dv3q8","1","52","DeGeNFT 2023 Participation Token #27","https://arweave.net/tOQwH33Do2SvBHmbAdvaO1ci4TNioDFMThpMzkMyhy4/62.json","","r3CrhDk9y9HR5uBkogRHu8hS1B4Q7dv3q8","DeGeNFT 2023 #BYOBlockchain - Proof of participation NFT","https://arweave.net/Gr7VKnrxB0ts0-OEqvMzMdC79L1Fe4feqqArDCkKaYw/1.png","","https://arweave.net/Gr7VKnrxB0ts0-OEqvMzMdC79L1Fe4feqqArDCkKaYw/2.mp4","","Wartortle","video","en-us","10 seconds","I","2023","Participant","CORplace Studio","113 W Santa Fe Ave, Fullerton, CA 92832"
"0008C35053F8BBBE64EDB10F9DBE5D5E442510FE80C61DA78FC8ACCF00000033","r3CrhDk9y9HR5uBkogRHu8hS1B4Q7dv3q8","1","51","DeGeNFT 2023 Participation Token #24","https://arweave.net/tOQwH33Do2SvBHmbAdvaO1ci4TNioDFMThpMzkMyhy4/59.json","","r3CrhDk9y9HR5uBkogRHu8hS1B4Q7dv3q8","DeGeNFT 2023 #BYOBlockchain - Proof of participation NFT","https://arweave.net/Gr7VKnrxB0ts0-OEqvMzMdC79L1Fe4feqqArDCkKaYw/1.png","","https://arweave.net/Gr7VKnrxB0ts0-OEqvMzMdC79L1Fe4feqqArDCkKaYw/2.mp4","","Wartortle","video","en-us","10 seconds","I","2023","Participant","CORplace Studio","113 W Santa Fe Ave, Fullerton, CA 92832"
"0008C35053F8BBBE64EDB10F9DBE5D5E442510FE80C61DA778E2DBCC00000032","r3CrhDk9y9HR5uBkogRHu8hS1B4Q7dv3q8","1","50","DeGeNFT 2023 Participation Token #23","https://arweave.net/tOQwH33Do2SvBHmbAdvaO1ci4TNioDFMThpMzkMyhy4/58.json","","r3CrhDk9y9HR5uBkogRHu8hS1B4Q7dv3q8","DeGeNFT 2023 #BYOBlockchain - Proof of participation NFT","https://arweave.net/Gr7VKnrxB0ts0-OEqvMzMdC79L1Fe4feqqArDCkKaYw/1.png","","https://arweave.net/Gr7VKnrxB0ts0-OEqvMzMdC79L1Fe4feqqArDCkKaYw/2.mp4","","Wartortle","video","en-us","10 seconds","I","2023","Participant","CORplace Studio","113 W Santa Fe Ave, Fullerton, CA 92832"
"0008C35053F8BBBE64EDB10F9DBE5D5E442510FE80C61DA761FD0ACD00000031","r3CrhDk9y9HR5uBkogRHu8hS1B4Q7dv3q8","1","49","DeGeNFT 2023 Participation Token #19","https://arweave.net/tOQwH33Do2SvBHmbAdvaO1ci4TNioDFMThpMzkMyhy4/54.json","","r3CrhDk9y9HR5uBkogRHu8hS1B4Q7dv3q8","DeGeNFT 2023 #BYOBlockchain - Proof of participation NFT","https://arweave.net/Gr7VKnrxB0ts0-OEqvMzMdC79L1Fe4feqqArDCkKaYw/1.png","","https://arweave.net/Gr7VKnrxB0ts0-OEqvMzMdC79L1Fe4feqqArDCkKaYw/2.mp4","","Wartortle","video","en-us","10 seconds","I","2023","Participant","CORplace Studio","113 W Santa Fe Ave, Fullerton, CA 92832"
"0008C35053F8BBBE64EDB10F9DBE5D5E442510FE80C61DA74B1739CA00000030","r3CrhDk9y9HR5uBkogRHu8hS1B4Q7dv3q8","1","48","DeGeNFT 2023 Participation Token #13","https://arweave.net/tOQwH33Do2SvBHmbAdvaO1ci4TNioDFMThpMzkMyhy4/48.json","","r3CrhDk9y9HR5uBkogRHu8hS1B4Q7dv3q8","DeGeNFT 2023 #BYOBlockchain - Proof of participation NFT","https://arweave.net/Gr7VKnrxB0ts0-OEqvMzMdC79L1Fe4feqqArDCkKaYw/1.png","","https://arweave.net/Gr7VKnrxB0ts0-OEqvMzMdC79L1Fe4feqqArDCkKaYw/2.mp4","","Wartortle","video","en-us","10 seconds","I","2023","Participant","CORplace Studio","113 W Santa Fe Ave, Fullerton, CA 92832"
"0008C35053F8BBBE64EDB10F9DBE5D5E442510FE80C61DA7343168CB0000002F","r3CrhDk9y9HR5uBkogRHu8hS1B4Q7dv3q8","1","47","DeGeNFT 2023 Participation Token #12","https://arweave.net/tOQwH33Do2SvBHmbAdvaO1ci4TNioDFMThpMzkMyhy4/47.json","","r3CrhDk9y9HR5uBkogRHu8hS1B4Q7dv3q8","DeGeNFT 2023 #BYOBlockchain - Proof of participation NFT","https://arweave.net/Gr7VKnrxB0ts0-OEqvMzMdC79L1Fe4feqqArDCkKaYw/1.png","","https://arweave.net/Gr7VKnrxB0ts0-OEqvMzMdC79L1Fe4feqqArDCkKaYw/2.mp4","","Wartortle","video","en-us","10 seconds","I","2023","Participant","CORplace Studio","113 W Santa Fe Ave, Fullerton, CA 92832"
"0008C35053F8BBBE64EDB10F9DBE5D5E442510FE80C61DA71D4B97C80000002E","r3CrhDk9y9HR5uBkogRHu8hS1B4Q7dv3q8","1","46","DeGeNFT 2023 Participation Token #10","https://arweave.net/tOQwH33Do2SvBHmbAdvaO1ci4TNioDFMThpMzkMyhy4/45.json","","r3CrhDk9y9HR5uBkogRHu8hS1B4Q7dv3q8","DeGeNFT 2023 #BYOBlockchain - Proof of participation NFT","https://arweave.net/Gr7VKnrxB0ts0-OEqvMzMdC79L1Fe4feqqArDCkKaYw/1.png","","https://arweave.net/Gr7VKnrxB0ts0-OEqvMzMdC79L1Fe4feqqArDCkKaYw/2.mp4","","Wartortle","video","en-us","10 seconds","I","2023","Participant","CORplace Studio","113 W Santa Fe Ave, Fullerton, CA 92832"
"0008C35053F8BBBE64EDB10F9DBE5D5E442510FE80C61DA70665C6C90000002D","r3CrhDk9y9HR5uBkogRHu8hS1B4Q7dv3q8","1","45","DeGeNFT 2023 Participation Token #8","https://arweave.net/tOQwH33Do2SvBHmbAdvaO1ci4TNioDFMThpMzkMyhy4/43.json","","rUDPJDWEnjBgv4w1WkymGF9Wc1MepRAXBo","DeGeNFT 2023 #BYOBlockchain - Proof of participation NFT","https://arweave.net/Gr7VKnrxB0ts0-OEqvMzMdC79L1Fe4feqqArDCkKaYw/1.png","","https://arweave.net/Gr7VKnrxB0ts0-OEqvMzMdC79L1Fe4feqqArDCkKaYw/2.mp4","","Wartortle","video","en-us","10 seconds","I","2023","Participant","CORplace Studio","113 W Santa Fe Ave, Fullerton, CA 92832"
"0008C35053F8BBBE64EDB10F9DBE5D5E442510FE80C61DA7EF7FF5C60000002C","r3CrhDk9y9HR5uBkogRHu8hS1B4Q7dv3q8","1","44","DeGeNFT 2023 Participation Token #6","https://arweave.net/tOQwH33Do2SvBHmbAdvaO1ci4TNioDFMThpMzkMyhy4/41.json","","r3CrhDk9y9HR5uBkogRHu8hS1B4Q7dv3q8","DeGeNFT 2023 #BYOBlockchain - Proof of participation NFT","https://arweave.net/Gr7VKnrxB0ts0-OEqvMzMdC79L1Fe4feqqArDCkKaYw/1.png","","https://arweave.net/Gr7VKnrxB0ts0-OEqvMzMdC79L1Fe4feqqArDCkKaYw/2.mp4","","Wartortle","video","en-us","10 seconds","I","2023","Participant","CORplace Studio","113 W Santa Fe Ave, Fullerton, CA 92832"
"0008C35053F8BBBE64EDB10F9DBE5D5E442510FE80C61DA7D89A24C70000002B","r3CrhDk9y9HR5uBkogRHu8hS1B4Q7dv3q8","1","43","DeGeNFT 2023 Participation Token #90","https://arweave.net/tOQwH33Do2SvBHmbAdvaO1ci4TNioDFMThpMzkMyhy4/125.json","","rEk2Sb7HDHz5LhXpUxTv9dnHbwYy5GPzuM","DeGeNFT 2023 #BYOBlockchain - Proof of participation NFT","https://arweave.net/Gr7VKnrxB0ts0-OEqvMzMdC79L1Fe4feqqArDCkKaYw/1.png","","https://arweave.net/Gr7VKnrxB0ts0-OEqvMzMdC79L1Fe4feqqArDCkKaYw/2.mp4","","Wartortle","video","en-us","10 seconds","I","2023","Participant","CORplace Studio","113 W Santa Fe Ave, Fullerton, CA 92832"
"0008C35053F8BBBE64EDB10F9DBE5D5E442510FE80C61DA7C1B453C40000002A","r3CrhDk9y9HR5uBkogRHu8hS1B4Q7dv3q8","1","42","DeGeNFT 2023 Participation Token #99","https://arweave.net/tOQwH33Do2SvBHmbAdvaO1ci4TNioDFMThpMzkMyhy4/134.json","","rHghVLV2PLCRUUcooG2PtMoDLF4LwNQH6T","DeGeNFT 2023 #BYOBlockchain - Proof of participation NFT","https://arweave.net/Gr7VKnrxB0ts0-OEqvMzMdC79L1Fe4feqqArDCkKaYw/1.png","","https://arweave.net/Gr7VKnrxB0ts0-OEqvMzMdC79L1Fe4feqqArDCkKaYw/2.mp4","","Wartortle","video","en-us","10 seconds","I","2023","Participant","CORplace Studio","113 W Santa Fe Ave, Fullerton, CA 92832"
"0008C35053F8BBBE64EDB10F9DBE5D5E442510FE80C61DA7AACE82C500000029","r3CrhDk9y9HR5uBkogRHu8hS1B4Q7dv3q8","1","41","DeGeNFT 2023 Participation Token #156","https://arweave.net/tOQwH33Do2SvBHmbAdvaO1ci4TNioDFMThpMzkMyhy4/191.json","","rsQro8d3YSsfZivc42NHw7qYdNoY618GEj","DeGeNFT 2023 #BYOBlockchain - Proof of participation NFT","https://arweave.net/Gr7VKnrxB0ts0-OEqvMzMdC79L1Fe4feqqArDCkKaYw/1.png","","https://arweave.net/Gr7VKnrxB0ts0-OEqvMzMdC79L1Fe4feqqArDCkKaYw/2.mp4","","Wartortle","video","en-us","10 seconds","I","2023","Participant","CORplace Studio","113 W Santa Fe Ave, Fullerton, CA 92832"
"0008C35053F8BBBE64EDB10F9DBE5D5E442510FE80C61DA793E8B1C200000028","r3CrhDk9y9HR5uBkogRHu8hS1B4Q7dv3q8","1","40","DeGeNFT 2023 Participation Token #113","https://arweave.net/tOQwH33Do2SvBHmbAdvaO1ci4TNioDFMThpMzkMyhy4/148.json","","rHgbKaML7PmgmNX2tipr2ih4iXFMSH85rf","DeGeNFT 2023 #BYOBlockchain - Proof of participation NFT","https://arweave.net/Gr7VKnrxB0ts0-OEqvMzMdC79L1Fe4feqqArDCkKaYw/1.png","","https://arweave.net/Gr7VKnrxB0ts0-OEqvMzMdC79L1Fe4feqqArDCkKaYw/2.mp4","","Wartortle","video","en-us","10 seconds","I","2023","Participant","CORplace Studio","113 W Santa Fe Ave, Fullerton, CA 92832"
"0008C35053F8BBBE64EDB10F9DBE5D5E442510FE80C61DA77D02E0C300000027","r3CrhDk9y9HR5uBkogRHu8hS1B4Q7dv3q8","1","39","DeGeNFT 2023 Participation Token #86","https://arweave.net/tOQwH33Do2SvBHmbAdvaO1ci4TNioDFMThpMzkMyhy4/121.json","","rfuHXK3tUUvMxXdYHreCyY2muKEqHtjjhs","DeGeNFT 2023 #BYOBlockchain - Proof of participation NFT","https://arweave.net/Gr7VKnrxB0ts0-OEqvMzMdC79L1Fe4feqqArDCkKaYw/1.png","","https://arweave.net/Gr7VKnrxB0ts0-OEqvMzMdC79L1Fe4feqqArDCkKaYw/2.mp4","","Wartortle","video","en-us","10 seconds","I","2023","Participant","CORplace Studio","113 W Santa Fe Ave, Fullerton, CA 92832"
"0008C35053F8BBBE64EDB10F9DBE5D5E442510FE80C61DA7661D0FC000000026","r3CrhDk9y9HR5uBkogRHu8hS1B4Q7dv3q8","1","38","DeGeNFT 2023 Participation Token #46","https://arweave.net/tOQwH33Do2SvBHmbAdvaO1ci4TNioDFMThpMzkMyhy4/81.json","","rEi9fHhgxCrNDDrZDRM3mXT87sz5iko8iN","DeGeNFT 2023 #BYOBlockchain - Proof of participation NFT","https://arweave.net/Gr7VKnrxB0ts0-OEqvMzMdC79L1Fe4feqqArDCkKaYw/1.png","","https://arweave.net/Gr7VKnrxB0ts0-OEqvMzMdC79L1Fe4feqqArDCkKaYw/2.mp4","","Wartortle","video","en-us","10 seconds","I","2023","Participant","CORplace Studio","113 W Santa Fe Ave, Fullerton, CA 92832"
"0008C35053F8BBBE64EDB10F9DBE5D5E442510FE80C61DA74F373EC100000025","r3CrhDk9y9HR5uBkogRHu8hS1B4Q7dv3q8","1","37","DeGeNFT 2023 Participation Token #130","https://arweave.net/tOQwH33Do2SvBHmbAdvaO1ci4TNioDFMThpMzkMyhy4/165.json","","rG77aUzsiwCHBw3MEdEcV78uPefHtx885t","DeGeNFT 2023 #BYOBlockchain - Proof of participation NFT","https://arweave.net/Gr7VKnrxB0ts0-OEqvMzMdC79L1Fe4feqqArDCkKaYw/1.png","","https://arweave.net/Gr7VKnrxB0ts0-OEqvMzMdC79L1Fe4feqqArDCkKaYw/2.mp4","","Wartortle","video","en-us","10 seconds","I","2023","Participant","CORplace Studio","113 W Santa Fe Ave, Fullerton, CA 92832"
"0008C35053F8BBBE64EDB10F9DBE5D5E442510FE80C61DA738516DBE00000024","r3CrhDk9y9HR5uBkogRHu8hS1B4Q7dv3q8","1","36","DeGeNFT 2023 Participation Token #74","https://arweave.net/tOQwH33Do2SvBHmbAdvaO1ci4TNioDFMThpMzkMyhy4/109.json","","rGory5RQYLpZyQBPywMhgYFLgNFYrwKVC3","DeGeNFT 2023 #BYOBlockchain - Proof of participation NFT","https://arweave.net/Gr7VKnrxB0ts0-OEqvMzMdC79L1Fe4feqqArDCkKaYw/1.png","","https://arweave.net/Gr7VKnrxB0ts0-OEqvMzMdC79L1Fe4feqqArDCkKaYw/2.mp4","","Wartortle","video","en-us","10 seconds","I","2023","Participant","CORplace Studio","113 W Santa Fe Ave, Fullerton, CA 92832"
"0008C35053F8BBBE64EDB10F9DBE5D5E442510FE80C61DA7216B9CBF00000023","r3CrhDk9y9HR5uBkogRHu8hS1B4Q7dv3q8","1","35","DeGeNFT 2023 Participation Token #125","https://arweave.net/tOQwH33Do2SvBHmbAdvaO1ci4TNioDFMThpMzkMyhy4/160.json","","r4uo8i75PU4MR3iCnA8dx6RqKvxKq7Mvta","DeGeNFT 2023 #BYOBlockchain - Proof of participation NFT","https://arweave.net/Gr7VKnrxB0ts0-OEqvMzMdC79L1Fe4feqqArDCkKaYw/1.png","","https://arweave.net/Gr7VKnrxB0ts0-OEqvMzMdC79L1Fe4feqqArDCkKaYw/2.mp4","","Wartortle","video","en-us","10 seconds","I","2023","Participant","CORplace Studio","113 W Santa Fe Ave, Fullerton, CA 92832"
"0008C35053F8BBBE64EDB10F9DBE5D5E442510FE80C61DA70A85CBBC00000022","r3CrhDk9y9HR5uBkogRHu8hS1B4Q7dv3q8","1","34","DeGeNFT 2023 Origins #35","https://arweave.net/tOQwH33Do2SvBHmbAdvaO1ci4TNioDFMThpMzkMyhy4/35.json","","r3CrhDk9y9HR5uBkogRHu8hS1B4Q7dv3q8","DeGeNFT 2023 #BYOBlockchain - Sponsor NFT","https://arweave.net/Gr7VKnrxB0ts0-OEqvMzMdC79L1Fe4feqqArDCkKaYw/1.png","","https://arweave.net/Gr7VKnrxB0ts0-OEqvMzMdC79L1Fe4feqqArDCkKaYw/1.mp4","","Wartortle","video","en-us","10 seconds","I","2023","Sponsor","CORplace Studio","113 W Santa Fe Ave, Fullerton, CA 92832"
"0008C35053F8BBBE64EDB10F9DBE5D5E442510FE80C61DA7F39FFABD00000021","r3CrhDk9y9HR5uBkogRHu8hS1B4Q7dv3q8","1","33","DeGeNFT 2023 Origins #34","https://arweave.net/tOQwH33Do2SvBHmbAdvaO1ci4TNioDFMThpMzkMyhy4/34.json","","r4yBhVHerdn97KpbaKYjALhQtYkZMiZUT6","DeGeNFT 2023 #BYOBlockchain - Sponsor NFT","https://arweave.net/Gr7VKnrxB0ts0-OEqvMzMdC79L1Fe4feqqArDCkKaYw/1.png","","https://arweave.net/Gr7VKnrxB0ts0-OEqvMzMdC79L1Fe4feqqArDCkKaYw/1.mp4","","Wartortle","video","en-us","10 seconds","I","2023","Sponsor","CORplace Studio","113 W Santa Fe Ave, Fullerton, CA 92832"
"0008C35053F8BBBE64EDB10F9DBE5D5E442510FE80C61DA7DCBA29BA00000020","r3CrhDk9y9HR5uBkogRHu8hS1B4Q7dv3q8","1","32","DeGeNFT 2023 Origins #33","https://arweave.net/tOQwH33Do2SvBHmbAdvaO1ci4TNioDFMThpMzkMyhy4/33.json","","rBNmfMkbqnWzht5tv7ndYm23FEE1LrbfUb","DeGeNFT 2023 #BYOBlockchain - Sponsor NFT","https://arweave.net/Gr7VKnrxB0ts0-OEqvMzMdC79L1Fe4feqqArDCkKaYw/1.png","","https://arweave.net/Gr7VKnrxB0ts0-OEqvMzMdC79L1Fe4feqqArDCkKaYw/1.mp4","","Wartortle","video","en-us","10 seconds","I","2023","Sponsor","CORplace Studio","113 W Santa Fe Ave, Fullerton, CA 92832"
"0008C35053F8BBBE64EDB10F9DBE5D5E442510FE80C61DA7C5D458BB0000001F","r3CrhDk9y9HR5uBkogRHu8hS1B4Q7dv3q8","1","31","DeGeNFT 2023 Origins #32","https://arweave.net/tOQwH33Do2SvBHmbAdvaO1ci4TNioDFMThpMzkMyhy4/32.json","","ranunnaKidVamSjMY2yoena4SyHR22oJmo","DeGeNFT 2023 #BYOBlockchain - Sponsor NFT","https://arweave.net/Gr7VKnrxB0ts0-OEqvMzMdC79L1Fe4feqqArDCkKaYw/1.png","","https://arweave.net/Gr7VKnrxB0ts0-OEqvMzMdC79L1Fe4feqqArDCkKaYw/1.mp4","","Wartortle","video","en-us","10 seconds","I","2023","Sponsor","CORplace Studio","113 W Santa Fe Ave, Fullerton, CA 92832"
"0008C35053F8BBBE64EDB10F9DBE5D5E442510FE80C61DA7AEEE87B80000001E","r3CrhDk9y9HR5uBkogRHu8hS1B4Q7dv3q8","1","30","DeGeNFT 2023 Origins #31","https://arweave.net/tOQwH33Do2SvBHmbAdvaO1ci4TNioDFMThpMzkMyhy4/31.json","","rBUXWPhQXeS4f3Ws5RiGrAyJRfRPkK6mMt","DeGeNFT 2023 #BYOBlockchain - Sponsor NFT","https://arweave.net/Gr7VKnrxB0ts0-OEqvMzMdC79L1Fe4feqqArDCkKaYw/1.png","","https://arweave.net/Gr7VKnrxB0ts0-OEqvMzMdC79L1Fe4feqqArDCkKaYw/1.mp4","","Wartortle","video","en-us","10 seconds","I","2023","Sponsor","CORplace Studio","113 W Santa Fe Ave, Fullerton, CA 92832"
"0008C35053F8BBBE64EDB10F9DBE5D5E442510FE80C61DA79808B6B90000001D","r3CrhDk9y9HR5uBkogRHu8hS1B4Q7dv3q8","1","29","DeGeNFT 2023 Origins #30","https://arweave.net/tOQwH33Do2SvBHmbAdvaO1ci4TNioDFMThpMzkMyhy4/30.json","","ranunnaKidVamSjMY2yoena4SyHR22oJmo","DeGeNFT 2023 #BYOBlockchain - Sponsor NFT","https://arweave.net/Gr7VKnrxB0ts0-OEqvMzMdC79L1Fe4feqqArDCkKaYw/1.png","","https://arweave.net/Gr7VKnrxB0ts0-OEqvMzMdC79L1Fe4feqqArDCkKaYw/1.mp4","","Wartortle","video","en-us","10 seconds","I","2023","Sponsor","CORplace Studio","113 W Santa Fe Ave, Fullerton, CA 92832"
"0008C35053F8BBBE64EDB10F9DBE5D5E442510FE80C61DA78122E5B60000001C","r3CrhDk9y9HR5uBkogRHu8hS1B4Q7dv3q8","1","28","DeGeNFT 2023 Origins #29","https://arweave.net/tOQwH33Do2SvBHmbAdvaO1ci4TNioDFMThpMzkMyhy4/29.json","","rHtdHzdzMq4nNags9PX2AyfJ87u8WAbAQr","DeGeNFT 2023 #BYOBlockchain - Sponsor NFT","https://arweave.net/Gr7VKnrxB0ts0-OEqvMzMdC79L1Fe4feqqArDCkKaYw/1.png","","https://arweave.net/Gr7VKnrxB0ts0-OEqvMzMdC79L1Fe4feqqArDCkKaYw/1.mp4","","Wartortle","video","en-us","10 seconds","I","2023","Sponsor","CORplace Studio","113 W Santa Fe Ave, Fullerton, CA 92832"
"0008C35053F8BBBE64EDB10F9DBE5D5E442510FE80C61DA76A3D14B70000001B","r3CrhDk9y9HR5uBkogRHu8hS1B4Q7dv3q8","1","27","DeGeNFT 2023 Origins #28","https://arweave.net/tOQwH33Do2SvBHmbAdvaO1ci4TNioDFMThpMzkMyhy4/28.json","","rwgQVW6ysXtLPCHK77zBN4fDbvakejvnxf","DeGeNFT 2023 #BYOBlockchain - Sponsor NFT","https://arweave.net/Gr7VKnrxB0ts0-OEqvMzMdC79L1Fe4feqqArDCkKaYw/1.png","","https://arweave.net/Gr7VKnrxB0ts0-OEqvMzMdC79L1Fe4feqqArDCkKaYw/1.mp4","","Wartortle","video","en-us","10 seconds","I","2023","Sponsor","CORplace Studio","113 W Santa Fe Ave, Fullerton, CA 92832"
"0008C35053F8BBBE64EDB10F9DBE5D5E442510FE80C61DA7535743B40000001A","r3CrhDk9y9HR5uBkogRHu8hS1B4Q7dv3q8","1","26","DeGeNFT 2023 Origins #27","https://arweave.net/tOQwH33Do2SvBHmbAdvaO1ci4TNioDFMThpMzkMyhy4/27.json","","rwvtdWaGhMV7K7gzoXazvM5VQwN6ZZUQFB","DeGeNFT 2023 #BYOBlockchain - Sponsor NFT","https://arweave.net/Gr7VKnrxB0ts0-OEqvMzMdC79L1Fe4feqqArDCkKaYw/1.png","","https://arweave.net/Gr7VKnrxB0ts0-OEqvMzMdC79L1Fe4feqqArDCkKaYw/1.mp4","","Wartortle","video","en-us","10 seconds","I","2023","Sponsor","CORplace Studio","113 W Santa Fe Ave, Fullerton, CA 92832"
"0008C35053F8BBBE64EDB10F9DBE5D5E442510FE80C61DA73C7172B500000019","r3CrhDk9y9HR5uBkogRHu8hS1B4Q7dv3q8","1","25","DeGeNFT 2023 Origins #26","https://arweave.net/tOQwH33Do2SvBHmbAdvaO1ci4TNioDFMThpMzkMyhy4/26.json","","rPPAjcWQ9PNz9gtVBHKcH8icPz6ZjRwdvo","DeGeNFT 2023 #BYOBlockchain - Sponsor NFT","https://arweave.net/Gr7VKnrxB0ts0-OEqvMzMdC79L1Fe4feqqArDCkKaYw/1.png","","https://arweave.net/Gr7VKnrxB0ts0-OEqvMzMdC79L1Fe4feqqArDCkKaYw/1.mp4","","Wartortle","video","en-us","10 seconds","I","2023","Sponsor","CORplace Studio","113 W Santa Fe Ave, Fullerton, CA 92832"
"0008C35053F8BBBE64EDB10F9DBE5D5E442510FE80C61DA7258BA1B200000018","r3CrhDk9y9HR5uBkogRHu8hS1B4Q7dv3q8","1","24","DeGeNFT 2023 Origins #25","https://arweave.net/tOQwH33Do2SvBHmbAdvaO1ci4TNioDFMThpMzkMyhy4/25.json","","rfungi3cbQKGX9vzVmS4j1UxBNjajjpjyK","DeGeNFT 2023 #BYOBlockchain - Sponsor NFT","https://arweave.net/Gr7VKnrxB0ts0-OEqvMzMdC79L1Fe4feqqArDCkKaYw/1.png","","https://arweave.net/Gr7VKnrxB0ts0-OEqvMzMdC79L1Fe4feqqArDCkKaYw/1.mp4","","Wartortle","video","en-us","10 seconds","I","2023","Sponsor","CORplace Studio","113 W Santa Fe Ave, Fullerton, CA 92832"
"0008C35053F8BBBE64EDB10F9DBE5D5E442510FE80C61DA70EA5D0B300000017","r3CrhDk9y9HR5uBkogRHu8hS1B4Q7dv3q8","1","23","DeGeNFT 2023 Origins #24","https://arweave.net/tOQwH33Do2SvBHmbAdvaO1ci4TNioDFMThpMzkMyhy4/24.json","","r9NYWS14TPZ4bjFrxgdMhysBFnSiqMLdu9","DeGeNFT 2023 #BYOBlockchain - Sponsor NFT","https://arweave.net/Gr7VKnrxB0ts0-OEqvMzMdC79L1Fe4feqqArDCkKaYw/1.png","","https://arweave.net/Gr7VKnrxB0ts0-OEqvMzMdC79L1Fe4feqqArDCkKaYw/1.mp4","","Wartortle","video","en-us","10 seconds","I","2023","Sponsor","CORplace Studio","113 W Santa Fe Ave, Fullerton, CA 92832"
"0008C35053F8BBBE64EDB10F9DBE5D5E442510FE80C61DA7F7BFFFB000000016","r3CrhDk9y9HR5uBkogRHu8hS1B4Q7dv3q8","1","22","DeGeNFT 2023 Origins #23","https://arweave.net/tOQwH33Do2SvBHmbAdvaO1ci4TNioDFMThpMzkMyhy4/23.json","","rapKXZHrFaWn3ihvXTR9rX5HppPGpwWcZN","DeGeNFT 2023 #BYOBlockchain - Sponsor NFT","https://arweave.net/Gr7VKnrxB0ts0-OEqvMzMdC79L1Fe4feqqArDCkKaYw/1.png","","https://arweave.net/Gr7VKnrxB0ts0-OEqvMzMdC79L1Fe4feqqArDCkKaYw/1.mp4","","Wartortle","video","en-us","10 seconds","I","2023","Sponsor","CORplace Studio","113 W Santa Fe Ave, Fullerton, CA 92832"
"0008C35053F8BBBE64EDB10F9DBE5D5E442510FE80C61DA7E0DA2EB100000015","r3CrhDk9y9HR5uBkogRHu8hS1B4Q7dv3q8","1","21","DeGeNFT 2023 Origins #22","https://arweave.net/tOQwH33Do2SvBHmbAdvaO1ci4TNioDFMThpMzkMyhy4/22.json","","rGoAzfaFevR4u7QKhP7eCVDJK4oPTS9Kba","DeGeNFT 2023 #BYOBlockchain - Sponsor NFT","https://arweave.net/Gr7VKnrxB0ts0-OEqvMzMdC79L1Fe4feqqArDCkKaYw/1.png","","https://arweave.net/Gr7VKnrxB0ts0-OEqvMzMdC79L1Fe4feqqArDCkKaYw/1.mp4","","Wartortle","video","en-us","10 seconds","I","2023","Sponsor","CORplace Studio","113 W Santa Fe Ave, Fullerton, CA 92832"
"0008C35053F8BBBE64EDB10F9DBE5D5E442510FE80C61DA7C9F45DAE00000014","r3CrhDk9y9HR5uBkogRHu8hS1B4Q7dv3q8","1","20","DeGeNFT 2023 Origins #21","https://arweave.net/tOQwH33Do2SvBHmbAdvaO1ci4TNioDFMThpMzkMyhy4/21.json","","rBH7m2rKDs4EgWit3phcGiEkoTRUgBTYx7","DeGeNFT 2023 #BYOBlockchain - Sponsor NFT","https://arweave.net/Gr7VKnrxB0ts0-OEqvMzMdC79L1Fe4feqqArDCkKaYw/1.png","","https://arweave.net/Gr7VKnrxB0ts0-OEqvMzMdC79L1Fe4feqqArDCkKaYw/1.mp4","","Wartortle","video","en-us","10 seconds","I","2023","Sponsor","CORplace Studio","113 W Santa Fe Ave, Fullerton, CA 92832"
"0008C35053F8BBBE64EDB10F9DBE5D5E442510FE80C61DA7B30E8CAF00000013","r3CrhDk9y9HR5uBkogRHu8hS1B4Q7dv3q8","1","19","DeGeNFT 2023 Origins #20","https://arweave.net/tOQwH33Do2SvBHmbAdvaO1ci4TNioDFMThpMzkMyhy4/20.json","","rHfidvQp1i5Vyk9GE6DRoP53Q5iPt8eot3","DeGeNFT 2023 #BYOBlockchain - Sponsor NFT","https://arweave.net/Gr7VKnrxB0ts0-OEqvMzMdC79L1Fe4feqqArDCkKaYw/1.png","","https://arweave.net/Gr7VKnrxB0ts0-OEqvMzMdC79L1Fe4feqqArDCkKaYw/1.mp4","","Wartortle","video","en-us","10 seconds","I","2023","Sponsor","CORplace Studio","113 W Santa Fe Ave, Fullerton, CA 92832"
"0008C35053F8BBBE64EDB10F9DBE5D5E442510FE80C61DA79C28BBAC00000012","r3CrhDk9y9HR5uBkogRHu8hS1B4Q7dv3q8","1","18","DeGeNFT 2023 Origins #19","https://arweave.net/tOQwH33Do2SvBHmbAdvaO1ci4TNioDFMThpMzkMyhy4/19.json","","r3CrhDk9y9HR5uBkogRHu8hS1B4Q7dv3q8","DeGeNFT 2023 #BYOBlockchain - Sponsor NFT","https://arweave.net/Gr7VKnrxB0ts0-OEqvMzMdC79L1Fe4feqqArDCkKaYw/1.png","","https://arweave.net/Gr7VKnrxB0ts0-OEqvMzMdC79L1Fe4feqqArDCkKaYw/1.mp4","","Wartortle","video","en-us","10 seconds","I","2023","Sponsor","CORplace Studio","113 W Santa Fe Ave, Fullerton, CA 92832"
"0008C35053F8BBBE64EDB10F9DBE5D5E442510FE80C61DA78542EAAD00000011","r3CrhDk9y9HR5uBkogRHu8hS1B4Q7dv3q8","1","17","DeGeNFT 2023 Origins #18","https://arweave.net/tOQwH33Do2SvBHmbAdvaO1ci4TNioDFMThpMzkMyhy4/18.json","","r3CrhDk9y9HR5uBkogRHu8hS1B4Q7dv3q8","DeGeNFT 2023 #BYOBlockchain - Sponsor NFT","https://arweave.net/Gr7VKnrxB0ts0-OEqvMzMdC79L1Fe4feqqArDCkKaYw/1.png","","https://arweave.net/Gr7VKnrxB0ts0-OEqvMzMdC79L1Fe4feqqArDCkKaYw/1.mp4","","Wartortle","video","en-us","10 seconds","I","2023","Sponsor","CORplace Studio","113 W Santa Fe Ave, Fullerton, CA 92832"
"0008C35053F8BBBE64EDB10F9DBE5D5E442510FE80C61DA76E5D19AA00000010","r3CrhDk9y9HR5uBkogRHu8hS1B4Q7dv3q8","1","16","DeGeNFT 2023 Origins #17","https://arweave.net/tOQwH33Do2SvBHmbAdvaO1ci4TNioDFMThpMzkMyhy4/17.json","","rh8U84pPzPs6LscZBBZUqVP6nGqdcJ1W8r","DeGeNFT 2023 #BYOBlockchain - Sponsor NFT","https://arweave.net/Gr7VKnrxB0ts0-OEqvMzMdC79L1Fe4feqqArDCkKaYw/1.png","","https://arweave.net/Gr7VKnrxB0ts0-OEqvMzMdC79L1Fe4feqqArDCkKaYw/1.mp4","","Wartortle","video","en-us","10 seconds","I","2023","Sponsor","CORplace Studio","113 W Santa Fe Ave, Fullerton, CA 92832"